manufacturer,model,serial_number,manufactured_date,device_type
Philips,INTELLIVUE MP20,DE54011343,1954-01-01,Patient Monitor
Philips,INTELLIVUE MP20,DE54011333,1954-01-01,Patient Monitor
Philips,INTELLIVUE MP20,DE54011319,1954-01-01,Patient Monitor
Philips,INTELLIVUE MP20,DE54011330,1954-01-01,Patient Monitor
Philips,INTELLIVUE MP20,DE62229313,1962-01-01,Patient Monitor
Philips,INTELLIVUE MP20,DE62223081,1962-01-01,Patient Monitor
Philips,INTELLIVUE MP20,DE62229345,1962-01-01,Patient Monitor
PHILIPS,MX500,DE671R3701,1967-01-01,Patient Monitor
PHILIPS,MX500,DE671R3663,1967-01-01,Patient Monitor
PHILIPS,MX500,DE671R3664,1967-01-01,Patient Monitor
PHILIPS,MX500,DE671R3705,1967-01-01,Patient Monitor
PHILIPS,MX500,DE671R3760,1967-01-01,Patient Monitor
PHILIPS,MX500,DE671R3685,1967-01-01,Patient Monitor
PHILIPS,MX500,DE671R3691,1967-01-01,Patient Monitor
PHILIPS,MX500,DE671T5134,1967-01-01,Patient Monitor
PHILIPS,MX500,DE671T5131,1967-01-01,Patient Monitor
PHILIPS,MX500,DE671T4113,1967-01-01,Patient Monitor
PHILIPS,MX500,DE671T5132,1967-01-01,Patient Monitor
PHILIPS,MX500,DE671T5133,1967-01-01,Patient Monitor
Philips,INTELLIVUE MP20,DE72870252,1972-01-01,Patient Monitor
Philips,INTELLIVUE MP20,DE72832824,1972-01-01,Patient Monitor
Philips,INTELLIVUE MP20,DE72870263,1972-01-01,Patient Monitor
Philips,INTELLIVUE MP20,DE72856013,1972-01-01,Patient Monitor
Philips,INTELLIVUE MP20,DE72856005,1972-01-01,Patient Monitor
Philips,INTELLIVUE MP30,DE728A5916,1972-01-01,Patient Monitor
Philips,M3002A,DE73608832,1973-01-01,Patient Monitor Module
Welch Allyn,SURETEMPPLUS,7432348,1974-01-01,Thermometer
Welch Allyn,SURETEMPPLUS,747969,1974-01-01,Thermometer
Welch Allyn,SURETEMPPLUS,7445105,1974-01-01,Thermometer
Olympus,CV190,7500545,1975-01-01,Endoscopy System
Olympus,CV190,7500311,1975-01-01,Endoscopy System
Olympus,CV190,7500445,1975-01-01,Endoscopy System
Olympus,CV190,75500364,1975-01-01,Endoscopy System
Olympus,CV190,7500389,1975-01-01,Endoscopy System
Olympus,CV190,7500566,1975-01-01,Endoscopy System
BAXTER HEALTHCARE CORP.,SPECTRUM IQ,3757686,1975-01-01,Infusion Pump
BAXTER HEALTHCARE CORP.,SPECTRUM IQ,3757504,1975-01-01,Infusion Pump
BAXTER HEALTHCARE CORP.,SPECTRUM IQ,3757280,1975-01-01,Infusion Pump
BAXTER HEALTHCARE CORP.,SPECTRUM IQ,3757194,1975-01-01,Infusion Pump
BAXTER HEALTHCARE CORP.,SPECTRUM IQ,3757377,1975-01-01,Infusion Pump
PHILIPS,MX500,DE7770D7J2,1977-01-01,Patient Monitor
BAXTER HEALTHCARE CORP.,SPECTRUM IQ,3782633,1978-01-01,Infusion Pump
BAXTER HEALTHCARE CORP.,SPECTRUM IQ,3785541,1978-01-01,Infusion Pump
BAXTER HEALTHCARE CORP.,SPECTRUM IQ,3785793,1978-01-01,Infusion Pump
BAXTER HEALTHCARE CORP.,SPECTRUM IQ,3805055,1980-01-01,Infusion Pump
BAXTER HEALTHCARE CORP.,SPECTRUM IQ,3816037,1981-01-01,Infusion Pump
BAXTER HEALTHCARE CORP.,SPECTRUM IQ,3817236,1981-01-01,Infusion Pump
Philips,INTELLIVUE MP50,DE82001700,1982-01-01,Patient Monitor
Philips,INTELLIVUE MP50,DE82061694,1982-01-01,Patient Monitor
Philips,INTELLIVUE MP50,DE82061728,1982-01-01,Patient Monitor
Philips,INTELLIVUE MP50,DE82061726,1982-01-01,Patient Monitor
Philips,INTELLIVUE MP50,DE82061785,1982-01-01,Patient Monitor
Philips,INTELLIVUE MP50,DE82061747,1982-01-01,Patient Monitor
Philips,INTELLIVUE MP50,DE82099472,1982-01-01,Patient Monitor
Philips,INTELLIVUE MP50,DE82061749,1982-01-01,Patient Monitor
Philips,INTELLIVUE MP50,DE82061730,1982-01-01,Patient Monitor
Philips,INTELLIVUE MP50,DE82061733,1982-01-01,Patient Monitor
Philips,INTELLIVUE MP50,DE82061720,1982-01-01,Patient Monitor
Philips,INTELLIVUE MP50,82061692,1982-01-01,Patient Monitor
Philips,INTELLIVUE MP50,DE82061717,1982-01-01,Patient Monitor
Philips,INTELLIVUE MP50,DE82061736,1982-01-01,Patient Monitor
Philips,INTELLIVUE MP50,DE82061763,1982-01-01,Patient Monitor
Philips,INTELLIVUE MP50,DE82061695,1982-01-01,Patient Monitor
Philips,INTELLIVUE MP50,DE82099502,1982-01-01,Patient Monitor
Philips,INTELLIVUE MP50,DE82099483,1982-01-01,Patient Monitor
Philips,INTELLIVUE MP50,DE82061791,1982-01-01,Patient Monitor
Philips,INTELLIVUE MP50,DE820A3726,1982-01-01,Patient Monitor
BAXTER HEALTHCARE CORP.,SPECTRUM IQ,3827871,1982-01-01,Infusion Pump
BAXTER HEALTHCARE CORP.,SPECTRUM IQ,3828391,1982-01-01,Infusion Pump
BAXTER HEALTHCARE CORP.,SPECTRUM IQ,3828200,1982-01-01,Infusion Pump
BAXTER HEALTHCARE CORP.,SPECTRUM IQ,3822726,1982-01-01,Infusion Pump
BAXTER HEALTHCARE CORP.,SPECTRUM IQ,3825223,1982-01-01,Infusion Pump
BAXTER HEALTHCARE CORP.,SPECTRUM IQ,3825288,1982-01-01,Infusion Pump
BAXTER HEALTHCARE CORP.,SPECTRUM IQ,3825471,1982-01-01,Infusion Pump
BAXTER HEALTHCARE CORP.,SPECTRUM IQ,3825020,1982-01-01,Infusion Pump
BAXTER HEALTHCARE CORP.,SPECTRUM IQ,3823921,1982-01-01,Infusion Pump
BAXTER HEALTHCARE CORP.,SPECTRUM IQ,3823577,1982-01-01,Infusion Pump
BAXTER HEALTHCARE CORP.,SPECTRUM IQ,3826615,1982-01-01,Infusion Pump
BAXTER HEALTHCARE CORP.,SPECTRUM IQ,3826190,1982-01-01,Infusion Pump
BAXTER HEALTHCARE CORP.,SPECTRUM IQ,3826314,1982-01-01,Infusion Pump
BAXTER HEALTHCARE CORP.,SPECTRUM IQ,3826273,1982-01-01,Infusion Pump
BAXTER HEALTHCARE CORP.,SPECTRUM IQ,3827365,1982-01-01,Infusion Pump
BAXTER HEALTHCARE CORP.,SPECTRUM IQ,3827207,1982-01-01,Infusion Pump
BAXTER HEALTHCARE CORP.,SPECTRUM IQ,3827402,1982-01-01,Infusion Pump
BAXTER HEALTHCARE CORP.,SPECTRUM IQ,3827856,1982-01-01,Infusion Pump
BAXTER HEALTHCARE CORP.,SPECTRUM IQ,3827685,1982-01-01,Infusion Pump
BAXTER HEALTHCARE CORP.,SPECTRUM IQ,3827744,1982-01-01,Infusion Pump
BAXTER HEALTHCARE CORP.,SPECTRUM IQ,3827658,1982-01-01,Infusion Pump
BAXTER HEALTHCARE CORP.,SPECTRUM IQ,3827902,1982-01-01,Infusion Pump
BAXTER HEALTHCARE CORP.,SPECTRUM IQ,3827796,1982-01-01,Infusion Pump
Philips,M3002A,DE83623218,1983-01-01,Patient Monitor Module
BAXTER HEALTHCARE CORP.,SPECTRUM IQ,3831807,1983-01-01,Infusion Pump
BAXTER HEALTHCARE CORP.,SPECTRUM IQ,3830586,1983-01-01,Infusion Pump
BAXTER HEALTHCARE CORP.,SPECTRUM IQ,3831239,1983-01-01,Infusion Pump
BAXTER HEALTHCARE CORP.,SPECTRUM IQ,3830354,1983-01-01,Infusion Pump
Philips,INTELLIVUE MP50,DE882061716,1988-01-01,Patient Monitor
GE HEALTHCARE,APEX PRO CH,RT908362478GA,1990-01-01,Telemetry System
GE HEALTHCARE,APEX PRO CH,RT914166339GA,1991-01-01,Telemetry System
GE HEALTHCARE,APEX PRO CH,RT914166315GA,1991-01-01,Telemetry System
GE HEALTHCARE,APEX PRO CH,RT914166362GA,1991-01-01,Telemetry System
GE HEALTHCARE,APEX PRO CH,RT914166321GA,1991-01-01,Telemetry System
GE HEALTHCARE,APEX PRO CH,RT916162191SA,1991-01-01,Telemetry System
GE HEALTHCARE,APEX PRO CH,RT914166380GA,1991-01-01,Telemetry System
GE HEALTHCARE,APEX PRO CH,RT914166373GA,1991-01-01,Telemetry System
GE HEALTHCARE,APEX PRO CH,RT914166320GA,1991-01-01,Telemetry System
GE HEALTHCARE,APEX PRO CH,RT914166336GA,1991-01-01,Telemetry System
GE HEALTHCARE,APEX PRO CH,RT914166372GA,1991-01-01,Telemetry System
GE HEALTHCARE,APEX PRO CH,RT914126176GA,1991-01-01,Telemetry System
GE HEALTHCARE,APEX PRO CH,RT914166337GA,1991-01-01,Telemetry System
GE HEALTHCARE,APEX PRO CH,RT914126178GA,1991-01-01,Telemetry System
GE HEALTHCARE,APEX PRO CH,RT916059906GA,1991-01-01,Telemetry System
HILL ROM,P1440,0139ME8098,2001-01-01,Hospital Bed
Hillrom,CENTURY,02R2981999,2002-01-01,Hospital Bed
Hillrom,CENTURY,02R3141999,2002-01-01,Hospital Bed
Hillrom,PCENTURYK3256,02R3391999,2002-01-01,Hospital Bed
Hillrom,CENTURY,02R3241999,2002-01-01,Hospital Bed
Hillrom,CENTURY,02R3631999,2002-01-01,Hospital Bed
ZOLL Medical,M SERIES,T03D45722,2003-01-01,Defibrillator
ZOLL Medical,M SERIES,T03G48599,2003-01-01,Defibrillator
ZOLL Medical,M SERIES,T04G0718,2004-01-01,Defibrillator
ZOLL Medical,M SERIES,T04F60157,2004-01-01,Defibrillator
ZOLL Medical,M SERIES,T04H61597,2004-01-01,Defibrillator
ZOLL Medical,M SERIES,T04D57875,2004-01-01,Defibrillator
ZOLL Medical,M SERIES,T04A54870,2004-01-01,Defibrillator
Cogentix Medical,CST-5000,CS0709N,2007-01-01,Urology System
Cogentix Medical,CST-5000,CS0715N,2007-01-01,Urology System
Welch Allyn,SURETEMPPLUS,074321PO,2007-01-01,Thermometer
ZOLL Medical,M SERIES,T0787302,2007-01-01,Defibrillator
HILL ROM,CENTURYP1400,L070HE0786,2007-01-01,Hospital Bed
HILL ROM,CENTURYP1400,L070HE0791,2007-01-01,Hospital Bed
ZOLL Medical,M SERIES,T08103497,2008-01-01,Defibrillator
GE HEALTHCARE,PATIENT DATA MODULE (PDM),SA308511468GR,2008-01-01,Patient Monitor Module
ZOLL Medical,M SERIES,T09B109955,2009-01-01,Defibrillator
ZOLL Medical,M SERIES,T09B109792,2009-01-01,Defibrillator
ZOLL Medical,M SERIES,T09K116484,2009-01-01,Defibrillator
ZOLL Medical,M SERIES,T098109977,2009-01-01,Defibrillator
GE HEALTHCARE,PATIENT DATA MODULE (PDM),SA309517777GR,2009-01-01,Patient Monitor Module
HILL ROM,P1440,P09AME5255,2009-01-01,Hospital Bed
Hillrom,CENTURYP1400,10L9791999,2010-01-01,Hospital Bed
Hillrom,CENTURYP1400,10L7601999,2010-01-01,Hospital Bed
Hillrom,CENTURYP1400,10L2981999,2010-01-01,Hospital Bed
Hillrom,CENTURYP1400,10L2591999,2010-01-01,Hospital Bed
Hillrom,CENTURYP1400,10L7571999,2010-01-01,Hospital Bed
Hillrom,CENTURYP1400,10L7531999,2010-01-01,Hospital Bed
Hillrom,CENTURYP1400,10L7541999,2010-01-01,Hospital Bed
Hillrom,CENTURY,10L9201999,2010-01-01,Hospital Bed
Stryker,1061,109035466,2010-01-01,Stretcher
Welch Allyn,FILAC3000,A1051223,2010-01-01,Thermometer
ZOLL Medical,M SERIES,T10G121505,2010-01-01,Defibrillator
ZOLL Medical,Propaq Md,AI10L000824,2010-01-01,Patient Monitor
ZOLL Medical,Propaq Md,AI10L000796,2010-01-01,Patient Monitor
ZOLL Medical,Propaq Md,AI10L000816,2010-01-01,Patient Monitor
ZOLL Medical,Propaq Md,AI10L000819,2010-01-01,Patient Monitor
GE HEALTHCARE,PATIENT DATA MODULE (PDM),SA310518384GR,2010-01-01,Patient Monitor Module
GE HEALTHCARE,PATIENT DATA MODULE (PDM),SA310518261GR,2010-01-01,Patient Monitor Module
GE HEALTHCARE,PATIENT DATA MODULE (PDM),SA310496411GR,2010-01-01,Patient Monitor Module
GE HEALTHCARE,PATIENT DATA MODULE (PDM),SA310507316GR,2010-01-01,Patient Monitor Module
GE HEALTHCARE,PATIENT DATA MODULE (PDM),SA310496410GR,2010-01-01,Patient Monitor Module
GE HEALTHCARE,PATIENT DATA MODULE (PDM),SA310465295GR,2010-01-01,Patient Monitor Module
HILL ROM,CENTURYP1400,103AG0982,2010-01-01,Hospital Bed
HILL ROM,CENTURYP1400,1039AG1009,2010-01-01,Hospital Bed
Edan Instruments,F9EXPRESS,560039-M11330014,2011-01-01,Fetal Monitor
Mindray,BENEVISION N15,F5-11025372,2011-01-01,Patient Monitor
Welch Allyn,FILAC3000,A1155231X,2011-01-01,Thermometer
Welch Allyn,FILAC3000,A1156405,2011-01-01,Thermometer
Welch Allyn,FILAC3000,A1156388,2011-01-01,Thermometer
ZOLL Medical,M SERIES,T11D124677,2011-01-01,Defibrillator
ZOLL Medical,M SERIES,t1k132871,2011-01-01,Defibrillator
ZOLL Medical,R Series Plus,AF11L019703,2011-01-01,Defibrillator
ZOLL Medical,Propaq Md,AI11F001156,2011-01-01,Patient Monitor
GE HEALTHCARE,PATIENT DATA MODULE (PDM),SA311069819GR,2011-01-01,Patient Monitor Module
GE HEALTHCARE,PATIENT DATA MODULE (PDM),SA311184365GR,2011-01-01,Patient Monitor Module
Covidien,RAPIDVAC,VL012301X,2012-01-01,Surgical Suction System
Covidien,RAPIDVAC,VL012165X,2012-01-01,Surgical Suction System
Covidien,RAPIDVAC,VL012164X,2012-01-01,Surgical Suction System
Edan Instruments,SE1200EXPRESS,460016-M12900650018,2012-01-01,ECG Machine
Hillrom,CENTURY,12M1281998,2012-01-01,Hospital Bed
Hillrom,CENTURY,12M0591998,2012-01-01,Hospital Bed
Hillrom,PCENTURYK3256,12M0551998,2012-01-01,Hospital Bed
Hillrom,CENTURY,12M0561998,2012-01-01,Hospital Bed
Hillrom,CENTURY,12M1101998,2012-01-01,Hospital Bed
Hillrom,P3200,J127AD6526,2012-01-01,Hospital Bed
Welch Allyn,FILAC3000,A1257682,2012-01-01,Thermometer
Welch Allyn,FILAC3000,A1262471,2012-01-01,Thermometer
ZOLL Medical,M SERIES,T12L131022,2012-01-01,Defibrillator
ZOLL Medical,M SERIES,T12B127729,2012-01-01,Defibrillator
ZOLL Medical,M SERIES,T12B127735,2012-01-01,Defibrillator
GE HEALTHCARE,PATIENT DATA MODULE (PDM),SA312152525GA,2012-01-01,Patient Monitor Module
GE HEALTHCARE,PATIENT DATA MODULE (PDM),SA312132106GR,2012-01-01,Patient Monitor Module
GE HEALTHCARE,PATIENT DATA MODULE (PDM),SA312152311GR,2012-01-01,Patient Monitor Module
HILL ROM,P1440,Q125ME8074,2012-01-01,Hospital Bed
HILL ROM,P1440,Q126ME8091,2012-01-01,Hospital Bed
HILL ROM,P1440,Q126ME8089,2012-01-01,Hospital Bed
HILL ROM,P1440,Q126ME8092,2012-01-01,Hospital Bed
HILL ROM,P1440,Q120ME8059,2012-01-01,Hospital Bed
HILL ROM,P1440,Q126ME8088,2012-01-01,Hospital Bed
HILL ROM,P1440,Q120ME8057,2012-01-01,Hospital Bed
HILL ROM,P1440,Q120ME8058,2012-01-01,Hospital Bed
HILL ROM,P1440,Q125ME8078,2012-01-01,Hospital Bed
HILL ROM,P1440,Q125ME8022,2012-01-01,Hospital Bed
HILL ROM,P1440,Q125ME8076,2012-01-01,Hospital Bed
HILL ROM,P3200,J121AD6108,2012-01-01,Hospital Bed
HILL ROM,P3200,J121AD6107,2012-01-01,Hospital Bed
HILL ROM,P3200,J129AD6633,2012-01-01,Hospital Bed
HILL ROM,P3200,J128AD6593,2012-01-01,Hospital Bed
HILL ROM,P3200,J128AD6595,2012-01-01,Hospital Bed
HILL ROM,P3200,J128AD6617,2012-01-01,Hospital Bed
HILL ROM,P3200,J121AD6110,2012-01-01,Hospital Bed
Hillrom,P3200,J134AT6928,2013-01-01,Hospital Bed
Mindray,EPM12MA,AH9-3A001717,2013-01-01,Vital Signs Monitor
Mindray,EPM12MA,AH9-3A001716,2013-01-01,Vital Signs Monitor
Mindray,EPM12MA,AH9-3A001721,2013-01-01,Vital Signs Monitor
Mindray,EPM12MA,AH9-3A001718,2013-01-01,Vital Signs Monitor
ZOLL Medical,M SERIES,3T13D131852,2013-01-01,Defibrillator
ZOLL Medical,M SERIES,T13D131863,2013-01-01,Defibrillator
ZOLL Medical,M SERIES,T13D131879,2013-01-01,Defibrillator
ZOLL Medical,X Series,AR13L006530,2013-01-01,Defibrillator
GE HEALTHCARE,PATIENT DATA MODULE (PDM),SA313230274GR,2013-01-01,Patient Monitor Module
GE HEALTHCARE,PATIENT DATA MODULE (PDM),SA3132300157GR,2013-01-01,Patient Monitor Module
GE HEALTHCARE,PATIENT DATA MODULE (PDM),SA313230430GR,2013-01-01,Patient Monitor Module
GE HEALTHCARE,PATIENT DATA MODULE (PDM),SA313230464GR,2013-01-01,Patient Monitor Module
GE HEALTHCARE,PATIENT DATA MODULE (PDM),SA313230676GR,2013-01-01,Patient Monitor Module
GE HEALTHCARE,PATIENT DATA MODULE (PDM),SA313219052GR,2013-01-01,Patient Monitor Module
GE HEALTHCARE,PATIENT DATA MODULE (PDM),SA313230457GR,2013-01-01,Patient Monitor Module
GE HEALTHCARE,PATIENT DATA MODULE (PDM),SA313230453GR,2013-01-01,Patient Monitor Module
GE HEALTHCARE,PATIENT DATA MODULE (PDM),SA313106097GR,2013-01-01,Patient Monitor Module
GE HEALTHCARE,PATIENT DATA MODULE (PDM),SA313127233GR,2013-01-01,Patient Monitor Module
GE HEALTHCARE,PATIENT DATA MODULE (PDM),SA313230456GR,2013-01-01,Patient Monitor Module
GE HEALTHCARE,PATIENT DATA MODULE (PDM),SA313230407GR,2013-01-01,Patient Monitor Module
HILL ROM,P1440,Q139ME8104,2013-01-01,Hospital Bed
HILL ROM,P1440,Q139ME8102,2013-01-01,Hospital Bed
HILL ROM,P1440,Q139ME8099,2013-01-01,Hospital Bed
HILL ROM,P1440,Q139ME8103,2013-01-01,Hospital Bed
HILL ROM,P1440,Q139ME8100,2013-01-01,Hospital Bed
HILL ROM,P1440,Q139ME8105,2013-01-01,Hospital Bed
Mindray,EPM12MA,AH9-3C001824,2013-03-01,Vital Signs Monitor
Mindray,EPM12MA,AH9-3C001806,2013-03-01,Vital Signs Monitor
Mindray,EPM12MA,AH9-3C001812,2013-03-01,Vital Signs Monitor
Mindray,EPM12MA,AH9-3C001805,2013-03-01,Vital Signs Monitor
Mindray,EPM12MA,AH9-3C001789,2013-03-01,Vital Signs Monitor
Mindray,EPM12MA,AH9-3C001781,2013-03-01,Vital Signs Monitor
Mindray,EPM12MA,AH9-3C001814,2013-03-01,Vital Signs Monitor
Mindray,EPM12MA,AH9-3C001780,2013-03-01,Vital Signs Monitor
BIOSONIC,UC95,130402317,2013-04-02,Bladder Scanner
BIOSONIC,UC95D15,131100008,2013-11-01,Bladder Scanner
BIOSONIC,UC95D15,131100002,2013-11-01,Bladder Scanner
Edan Instruments,SE1200EXPRESS,M14B08690005,2014-01-01,ECG Machine
Edan Instruments,IM50,M14104900003,2014-01-01,Patient Monitor
Edan Instruments,IM50,3331333-M14900008,2014-01-01,Patient Monitor
Edan Instruments,IM50,3331333-M14104900002,2014-01-01,Patient Monitor
Edan Instruments,IM50,3331333-M14104900009,2014-01-01,Patient Monitor
Hillrom,P3200,M140AD0664,2014-01-01,Hospital Bed
Hillrom,P3200,J140AD7241,2014-01-01,Hospital Bed
Hillrom,P3200,J140AD7236,2014-01-01,Hospital Bed
Hillrom,P3200,J140AD7193,2014-01-01,Hospital Bed
Welch Allyn,FILAC3000,A1451284X,2014-01-01,Thermometer
ZOLL Medical,M SERIES,T14F133985,2014-01-01,Defibrillator
ZOLL Medical,M SERIES,T14E133852,2014-01-01,Defibrillator
GE HEALTHCARE,APEX PRO CH,RTS14024388GA,2014-01-01,Telemetry System
GE HEALTHCARE,APEX PRO CH,RTS14104454GA,2014-01-01,Telemetry System
GE HEALTHCARE,APEX PRO CH,RTS14104453GA,2014-01-01,Telemetry System
GE HEALTHCARE,APEX PRO CH,RTS14104456GA,2014-01-01,Telemetry System
GE HEALTHCARE,APEX PRO CH,RTS14104450GA,2014-01-01,Telemetry System
GE HEALTHCARE,PATIENT DATA MODULE (PDM),SA314358024GA,2014-01-01,Patient Monitor Module
GE HEALTHCARE,PATIENT DATA MODULE (PDM),SA314326586GA,2014-01-01,Patient Monitor Module
HILL ROM,P1440,Q141ME8112,2014-01-01,Hospital Bed
HILL ROM,P1440,Q141ME8115,2014-01-01,Hospital Bed
HILL ROM,P1440,Q145ME8148,2014-01-01,Hospital Bed
HILL ROM,P3200,J140AD7282,2014-01-01,Hospital Bed
HILL ROM,P3200,J141AD7277,2014-01-01,Hospital Bed
HILL ROM,P3200,J148AD7733,2014-01-01,Hospital Bed
Unico,G380PL LED,G38L-20141208,2014-12-08,Laboratory Centrifuge
Exergen,TAT5000,A1539272,2015-01-01,Thermometer
Exergen,TAT5000,A1539493,2015-01-01,Thermometer
Exergen,TAT5000,A1539059,2015-01-01,Thermometer
Exergen,TAT5000,A1539490,2015-01-01,Thermometer
Exergen,TAT5000,A1539270,2015-01-01,Thermometer
Exergen,TAT5000,A1539277,2015-01-01,Thermometer
Hillrom,P3200,M154AD1453,2015-01-01,Hospital Bed
ZOLL Medical,M SERIES,T15F135497,2015-01-01,Defibrillator
ZOLL Medical,M SERIES,T15B135017,2015-01-01,Defibrillator
ZOLL Medical,Propaq Md,ai15c003871,2015-01-01,Patient Monitor
GE HEALTHCARE,PATIENT DATA MODULE (PDM),SA315208552GA,2015-01-01,Patient Monitor Module
GE HEALTHCARE,PATIENT DATA MODULE (PDM),SA315219009,2015-01-01,Patient Monitor Module
GE HEALTHCARE,PATIENT DATA MODULE (PDM),SA315219102GA,2015-01-01,Patient Monitor Module
GE HEALTHCARE,PATIENT DATA MODULE (PDM),SA315219007GA,2015-01-01,Patient Monitor Module
GE HEALTHCARE,PATIENT DATA MODULE (PDM),SA315070015GA,2015-01-01,Patient Monitor Module
GE HEALTHCARE,PATIENT DATA MODULE (PDM),SA315281904GA,2015-01-01,Patient Monitor Module
GE HEALTHCARE,PATIENT DATA MODULE (PDM),SA315079992GA,2015-01-01,Patient Monitor Module
GE HEALTHCARE,PATIENT DATA MODULE (PDM),SA315281909GA,2015-01-01,Patient Monitor Module
GE HEALTHCARE,PATIENT DATA MODULE (PDM),SA315070003GA,2015-01-01,Patient Monitor Module
GE HEALTHCARE,PATIENT DATA MODULE (PDM),SA315079984GA,2015-01-01,Patient Monitor Module
GE HEALTHCARE,PATIENT DATA MODULE (PDM),SA315070002GA,2015-01-01,Patient Monitor Module
GE HEALTHCARE,PATIENT DATA MODULE (PDM),SA315079980GA,2015-01-01,Patient Monitor Module
GE HEALTHCARE,PATIENT DATA MODULE (PDM),SA315079977GA,2015-01-01,Patient Monitor Module
GE HEALTHCARE,PATIENT DATA MODULE (PDM),SA315079989GA,2015-01-01,Patient Monitor Module
GE HEALTHCARE,PATIENT DATA MODULE (PDM),SA315058576GA,2015-01-01,Patient Monitor Module
GE HEALTHCARE,PATIENT DATA MODULE (PDM),SA315079799GA,2015-01-01,Patient Monitor Module
Edan Instruments,SE1200EXPRESS,311094-M16611040004,2016-01-01,ECG Machine
Edan Instruments,IM50,M16701760030,2016-01-01,Patient Monitor
Edan Instruments,IM50,M16701760034,2016-01-01,Patient Monitor
Edan Instruments,IM50,M16701760010,2016-01-01,Patient Monitor
Edan Instruments,IM70,260066-M16901980001,2016-01-01,Patient Monitor
Edan Instruments,IM70,M16603730016,2016-01-01,Patient Monitor
Edan Instruments,IM70,M16600900014,2016-01-01,Patient Monitor
Welch Allyn,FILAC3000,A1656130X,2016-01-01,Thermometer
Welch Allyn,FILAC3000,A1661117X,2016-01-01,Thermometer
Welch Allyn,FILAC3000,A1661082X,2016-01-01,Thermometer
Welch Allyn,FILAC3000,A1661093X,2016-01-01,Thermometer
Welch Allyn,FILAC3000,A1661114X,2016-01-01,Thermometer
Welch Allyn,FILAC3000,A1656006X,2016-01-01,Thermometer
Welch Allyn,FILAC3000,A1656212X,2016-01-01,Thermometer
ZOLL Medical,M SERIES,D16B136583,2016-01-01,Defibrillator
ZOLL Medical,M SERIES,T16E136987,2016-01-01,Defibrillator
ZOLL Medical,M SERIES,T16B136570,2016-01-01,Defibrillator
ZOLL Medical,R Series ALS,AF16L061223,2016-01-01,Defibrillator
ZOLL Medical,R Series ALS,AF16C054998,2016-01-01,Defibrillator
ZOLL Medical,R Series ALS,AF16D055364,2016-01-01,Defibrillator
ZOLL Medical,R Series ALS,AF16D055704,2016-01-01,Defibrillator
ZOLL Medical,R Series ALS,AF16H058404,2016-01-01,Defibrillator
ZOLL Medical,R Series ALS,AF16H057957,2016-01-01,Defibrillator
ZOLL Medical,R Series ALS,AF16H058410,2016-01-01,Defibrillator
ZOLL Medical,R Series ALS,AF16H058183,2016-01-01,Defibrillator
HILL ROM,P1440,P164ME5640,2016-01-01,Hospital Bed
Cogentix Medical,CST-4000,CS1704F,2017-01-01,Urology System
Cogentix Medical,CST-4000,CS1705F,2017-01-01,Urology System
Edan Instruments,ELITEV5,M17902120005,2017-01-01,Vital Signs Monitor
Edan Instruments,ELITEV5,M17902120008,2017-01-01,Vital Signs Monitor
Edan Instruments,ELITEV5,M17902120007,2017-01-01,Vital Signs Monitor
Edan Instruments,IM50,M17602270005,2017-01-01,Patient Monitor
Edan Instruments,IM50,M17602270003,2017-01-01,Patient Monitor
Edan Instruments,IM50,M17101610022,2017-01-01,Patient Monitor
Edan Instruments,IM50,M17101610039,2017-01-01,Patient Monitor
Edan Instruments,IM50,M17101610030,2017-01-01,Patient Monitor
Edan Instruments,IM50,M17A03210041,2017-01-01,Patient Monitor
Hospira,PLUMA+,17432148,2017-01-01,Anesthesia Machine
Hospira,PLUMA+,17434560,2017-01-01,Anesthesia Machine
Hospira,PLUMA+,17441256,2017-01-01,Anesthesia Machine
Hospira,PLUMA+,17434159,2017-01-01,Anesthesia Machine
Hospira,PLUMA+,17433989,2017-01-01,Anesthesia Machine
Hospira,PLUMA+,17434093,2017-01-01,Anesthesia Machine
Hospira,PLUMA+,17434354,2017-01-01,Anesthesia Machine
Hospira,PLUMA+,17441237,2017-01-01,Anesthesia Machine
Hospira,PLUMA+,17434074,2017-01-01,Anesthesia Machine
Hospira,PLUMA+,17434027,2017-01-01,Anesthesia Machine
Hospira,PLUMA+,17441209,2017-01-01,Anesthesia Machine
Hospira,PLUMA+,17434472,2017-01-01,Anesthesia Machine
Hospira,PLUMA+,17434162,2017-01-01,Anesthesia Machine
Hospira,PLUMA+,17434475,2017-01-01,Anesthesia Machine
Hospira,PLUMA+,17434779,2017-01-01,Anesthesia Machine
Hospira,PLUMA+,17434141,2017-01-01,Anesthesia Machine
Hospira,PLUMA+,17434321,2017-01-01,Anesthesia Machine
Hospira,PLUMA+,17434383,2017-01-01,Anesthesia Machine
Hospira,PLUMA+,1744041,2017-01-01,Anesthesia Machine
Hospira,PLUMA+,17434024,2017-01-01,Anesthesia Machine
Hospira,PLUMA+,17434118,2017-01-01,Anesthesia Machine
Hospira,PLUMA+,17440578,2017-01-01,Anesthesia Machine
Hospira,PLUMA+,17440768,2017-01-01,Anesthesia Machine
Hospira,PLUMA+,17434139,2017-01-01,Anesthesia Machine
Hospira,PLUMA+,17433973,2017-01-01,Anesthesia Machine
Hospira,PLUMA+,17434426,2017-01-01,Anesthesia Machine
Hospira,PLUMA+,17434019,2017-01-01,Anesthesia Machine
Hospira,PLUMA+,17433363,2017-01-01,Anesthesia Machine
Hospira,PLUMA+,17434142,2017-01-01,Anesthesia Machine
Hospira,PLUMA+,17434703,2017-01-01,Anesthesia Machine
Hospira,PLUMA+,17434212,2017-01-01,Anesthesia Machine
Hospira,PLUMA+,17434094,2017-01-01,Anesthesia Machine
Hospira,PLUMA+,17433443,2017-01-01,Anesthesia Machine
Hospira,PLUMA+,17434341,2017-01-01,Anesthesia Machine
Hospira,PLUMA+,17441087,2017-01-01,Anesthesia Machine
Hospira,PLUMA+,17440640,2017-01-01,Anesthesia Machine
Hospira,PLUMA+,17434396,2017-01-01,Anesthesia Machine
Hospira,PLUMA+,17434332,2017-01-01,Anesthesia Machine
Hospira,PLUMA+,17434726,2017-01-01,Anesthesia Machine
Hospira,PLUMA+,17434435,2017-01-01,Anesthesia Machine
Hospira,PLUMA+,17434513,2017-01-01,Anesthesia Machine
Hospira,PLUMA+,17434161,2017-01-01,Anesthesia Machine
Hospira,PLUMA+,17434177,2017-01-01,Anesthesia Machine
Hospira,PLUMA+,17434000,2017-01-01,Anesthesia Machine
Hospira,PLUMA+,17431765,2017-01-01,Anesthesia Machine
Hospira,PLUMA+,17434512,2017-01-01,Anesthesia Machine
Hospira,PLUMA+,17433246,2017-01-01,Anesthesia Machine
Hospira,PLUMA+,17434039,2017-01-01,Anesthesia Machine
Hospira,PLUMA+,17432437,2017-01-01,Anesthesia Machine
Hospira,PLUMA+,17434735,2017-01-01,Anesthesia Machine
Hospira,PLUMA+,17434064,2017-01-01,Anesthesia Machine
Hospira,PLUMA+,17441258,2017-01-01,Anesthesia Machine
Hospira,PLUMA+,17441252,2017-01-01,Anesthesia Machine
Hospira,PLUMA+,17441249,2017-01-01,Anesthesia Machine
Hospira,PLUMA+,17441084,2017-01-01,Anesthesia Machine
Hospira,PLUMA+,17480601,2017-01-01,Anesthesia Machine
Hospira,PLUMA+,17434454,2017-01-01,Anesthesia Machine
Hospira,PLUMA+,17451880,2017-01-01,Anesthesia Machine
Stryker,1115,2017006701271,2017-01-01,Stretcher
Stryker,1115,2017006701256,2017-01-01,Stretcher
Stryker,1115,2017006701268,2017-01-01,Stretcher
Stryker,1115,2017006701273,2017-01-01,Stretcher
Stryker,1115,2017006701253,2017-01-01,Stretcher
Stryker,1115,2017006701272,2017-01-01,Stretcher
Stryker,1115,2017006701266,2017-01-01,Stretcher
Stryker,1115,2017006701259,2017-01-01,Stretcher
Stryker,1115,2017006701254,2017-01-01,Stretcher
Stryker,1115,2017006701257,2017-01-01,Stretcher
Stryker,1115,2017006701267,2017-01-01,Stretcher
ZOLL Medical,R Series ALS,AF17D065076,2017-01-01,Defibrillator
ZOLL Medical,R Series ALS,AF17D065023,2017-01-01,Defibrillator
ZOLL Medical,R Series ALS,AF17D065078,2017-01-01,Defibrillator
ZOLL Medical,R Series ALS,AF17D065063,2017-01-01,Defibrillator
ZOLL Medical,R Series ALS,AV17D064978,2017-01-01,Defibrillator
ZOLL Medical,R Series ALS,AF17D065082,2017-01-01,Defibrillator
ZOLL Medical,R Series ALS,AF17D065057,2017-01-01,Defibrillator
ZOLL Medical,R Series ALS,AF17D065077,2017-01-01,Defibrillator
ZOLL Medical,R Series ALS,AF17D065075,2017-01-01,Defibrillator
ZOLL Medical,R Series ALS,AF17D064998,2017-01-01,Defibrillator
ZOLL Medical,R Series ALS,AF17D065062,2017-01-01,Defibrillator
ZOLL Medical,R Series,AF17D065064,2017-01-01,Defibrillator
ZOLL Medical,X Series,AR17B023487,2017-01-01,Defibrillator
HILL ROM,P1440,M171ME6632,2017-01-01,Hospital Bed
HILL ROM,CENTURYP1400,N177ME1533,2017-01-01,Hospital Bed
HILL ROM,CENTURYP1400,N177ME1539,2017-01-01,Hospital Bed
Edan Instruments,SE1200EXPRESS,(21)460016-M18706470008,2018-01-01,ECG Machine
Edan Instruments,IM50,M18709800015,2018-01-01,Patient Monitor
Edan Instruments,IM70,M18414780039,2018-01-01,Patient Monitor
Edan Instruments,IM70,M18414780018,2018-01-01,Patient Monitor
Edan Instruments,IM70,M18414780026,2018-01-01,Patient Monitor
Edan Instruments,IM70,M18414780044,2018-01-01,Patient Monitor
Edan Instruments,IM70,M18414780027,2018-01-01,Patient Monitor
Edan Instruments,IM70,M18414780031,2018-01-01,Patient Monitor
Edan Instruments,IM70,M18414780047,2018-01-01,Patient Monitor
Edan Instruments,IM70,M18414780019,2018-01-01,Patient Monitor
Edan Instruments,iT20,M18909080003,2018-01-01,Patient Monitor
THERMO SCIENTIFIC,SMARTVUE915,18175660D4C1,2018-01-01,Temperature Monitoring System
THERMO SCIENTIFIC,SMARTVUE915,18175660D4D3,2018-01-01,Temperature Monitoring System
THERMO SCIENTIFIC,SMARTVUE915,18175660CABF,2018-01-01,Temperature Monitoring System
THERMO SCIENTIFIC,SMARTVUE915,18355660D0LE,2018-01-01,Temperature Monitoring System
THERMO SCIENTIFIC,SMARTVUE915,18175660CB13,2018-01-01,Temperature Monitoring System
THERMO SCIENTIFIC,SMARTVUE915,18175660CABC,2018-01-01,Temperature Monitoring System
THERMO SCIENTIFIC,SMARTVUE915,181751606DFD,2018-01-01,Temperature Monitoring System
Welch Allyn,FILAC3000,1863046X,2018-01-01,Thermometer
ZOLL Medical,AEDPLUS,X18E025923,2018-01-01,AED
ZOLL Medical,X Series,AR18G033409,2018-01-01,Defibrillator
ZOLL Medical,X Series,AR18C030657,2018-01-01,Defibrillator
ZOLL Medical,R Series ALS,AF18L089149,2018-01-01,Defibrillator
GE HEALTHCARE,PATIENT DATA MODULE (PDM),SPX18510114SA,2018-01-01,Patient Monitor Module
GE HEALTHCARE,PATIENT DATA MODULE (PDM),SPX18510041SA,2018-01-01,Patient Monitor Module
GE HEALTHCARE,PATIENT DATA MODULE (PDM),SA318200468SA,2018-01-01,Patient Monitor Module
GE HEALTHCARE,PATIENT DATA MODULE (PDM),SA318360435SA,2018-01-01,Patient Monitor Module
GE HEALTHCARE,PATIENT DATA MODULE (PDM),SPX18500865SA,2018-01-01,Patient Monitor Module
Edan Instruments,F9EXPRESS,M19804740024,2019-01-01,Fetal Monitor
Edan Instruments,F9EXPRESS,M19804740020,2019-01-01,Fetal Monitor
Edan Instruments,F9EXPRESS,M19804740011,2019-01-01,Fetal Monitor
Edan Instruments,F9EXPRESS,M19804740025,2019-01-01,Fetal Monitor
Edan Instruments,F9EXPRESS,M19804740005,2019-01-01,Fetal Monitor
Edan Instruments,F9EXPRESS,M19804740015,2019-01-01,Fetal Monitor
Edan Instruments,F9EXPRESS,M19804740016,2019-01-01,Fetal Monitor
Edan Instruments,F9EXPRESS,M1980570002,2019-01-01,Fetal Monitor
Edan Instruments,F9EXPRESS,M19804740001,2019-01-01,Fetal Monitor
Edan Instruments,F9EXPRESS,M19804740013,2019-01-01,Fetal Monitor
Edan Instruments,F9EXPRESS,M19804740022,2019-01-01,Fetal Monitor
Edan Instruments,ELITEV5,M19805320027,2019-01-01,Vital Signs Monitor
Edan Instruments,ELITEV5,M19701080008,2019-01-01,Vital Signs Monitor
Edan Instruments,ELITEV5,M19701080003,2019-01-01,Vital Signs Monitor
Edan Instruments,ELITEV5,M19701080007,2019-01-01,Vital Signs Monitor
Edan Instruments,ELITEV5,M19507110013,2019-01-01,Vital Signs Monitor
Edan Instruments,ELITEV5,M19507110011,2019-01-01,Vital Signs Monitor
Edan Instruments,ELITEV5,M19701080019,2019-01-01,Vital Signs Monitor
Edan Instruments,ELITEV5,M19805320022,2019-01-01,Vital Signs Monitor
Edan Instruments,ELITEV5,M19702060009,2019-01-01,Vital Signs Monitor
Edan Instruments,ELITEV5,M19805320040,2019-01-01,Vital Signs Monitor
Edan Instruments,ELITEV5,M19805320023,2019-01-01,Vital Signs Monitor
Edan Instruments,ELITEV5,M19805320016,2019-01-01,Vital Signs Monitor
Edan Instruments,ELITEV5,M19805320048,2019-01-01,Vital Signs Monitor
Edan Instruments,ELITEV5,M19805320020,2019-01-01,Vital Signs Monitor
Edan Instruments,ELITEV5,M19805320038,2019-01-01,Vital Signs Monitor
Edan Instruments,ELITEV5,M19805320045,2019-01-01,Vital Signs Monitor
Edan Instruments,ELITEV5,M19805320009,2019-01-01,Vital Signs Monitor
Edan Instruments,ELITEV5,M19805320026,2019-01-01,Vital Signs Monitor
Edan Instruments,IM50,M19110560012,2019-01-01,Patient Monitor
Edan Instruments,IM50,M19100850023,2019-01-01,Patient Monitor
Edan Instruments,IM50,M19100850015,2019-01-01,Patient Monitor
Edan Instruments,IM50,M19100850029,2019-01-01,Patient Monitor
Edan Instruments,IM50,M19100850033,2019-01-01,Patient Monitor
Edan Instruments,IM50,M19100850017,2019-01-01,Patient Monitor
Edan Instruments,IM50,M19100580024,2019-01-01,Patient Monitor
Edan Instruments,IM50,M19100850001,2019-01-01,Patient Monitor
Edan Instruments,IM70,M19805530018,2019-01-01,Patient Monitor
Edan Instruments,IM70,M19805530004,2019-01-01,Patient Monitor
Edan Instruments,IM70,M19805530017,2019-01-01,Patient Monitor
Edan Instruments,IM70,M19805530014,2019-01-01,Patient Monitor
Edan Instruments,IM70,M19805530019,2019-01-01,Patient Monitor
Edan Instruments,IM70,M19805530008,2019-01-01,Patient Monitor
Edan Instruments,IM70,M19805530010,2019-01-01,Patient Monitor
Edan Instruments,IM70,M19805530016,2019-01-01,Patient Monitor
Edan Instruments,IM70,M19805530003,2019-01-01,Patient Monitor
Edan Instruments,IM70,M19805530011,2019-01-01,Patient Monitor
Edan Instruments,IM70,M19805530006,2019-01-01,Patient Monitor
Edan Instruments,IM70,M19805530005,2019-01-01,Patient Monitor
Edan Instruments,IM70,M19805530007,2019-01-01,Patient Monitor
Edan Instruments,IM70,M19805530001,2019-01-01,Patient Monitor
Edan Instruments,IM70,M19805530013,2019-01-01,Patient Monitor
Edan Instruments,IM70,M19805530002,2019-01-01,Patient Monitor
Edan Instruments,iT20,M19413150003,2019-01-01,Patient Monitor
Edan Instruments,iT20,M19413130058,2019-01-01,Patient Monitor
Edan Instruments,iT20,M19413150044,2019-01-01,Patient Monitor
Edan Instruments,iT20,M19413150007,2019-01-01,Patient Monitor
Edan Instruments,iT20,M19413130016,2019-01-01,Patient Monitor
Edan Instruments,iT20,M19413130058,2019-01-01,Patient Monitor
Edan Instruments,iT20,M19413130060,2019-01-01,Patient Monitor
Edan Instruments,iT20,M19413130011,2019-01-01,Patient Monitor
Edan Instruments,iT20,M19413130027,2019-01-01,Patient Monitor
Edan Instruments,iT20,M19413130015,2019-01-01,Patient Monitor
Edan Instruments,iT20,M19706920013,2019-01-01,Patient Monitor
Edan Instruments,iT20,M19413130013,2019-01-01,Patient Monitor
Edan Instruments,iT20,M19413130052,2019-01-01,Patient Monitor
Masimo,RAD8,M192824,2019-01-01,Pulse Oximeter
Masimo,RAD8,M192444,2019-01-01,Pulse Oximeter
Masimo,RAD8,M192465,2019-01-01,Pulse Oximeter
Masimo,RAD8,M192344,2019-01-01,Pulse Oximeter
ZOLL Medical,AEDPLUS,(21) X19G176549,2019-01-01,AED
ZOLL Medical,RSERIES,AF19A091958,2019-01-01,Defibrillator
ZOLL Medical,R Series ALS,AF19B092952,2019-01-01,Defibrillator
ZOLL Medical,R Series ALS,AF19B092950,2019-01-01,Defibrillator
ZOLL Medical,R Series ALS,AF19B092199,2019-01-01,Defibrillator
ZOLL Medical,R Series ALS,AF19B092935,2019-01-01,Defibrillator
ZOLL Medical,R Series ALS,AF19B092455,2019-01-01,Defibrillator
ZOLL Medical,R Series ALS,AF19B092465,2019-01-01,Defibrillator
ZOLL Medical,R Series ALS,AF19B092949,2019-01-01,Defibrillator
ZOLL Medical,R Series ALS,AF19B092928,2019-01-01,Defibrillator
ZOLL Medical,R Series ALS,AF19B092207,2019-01-01,Defibrillator
ZOLL Medical,R Series ALS,AF19B092946,2019-01-01,Defibrillator
ZOLL Medical,R Series ALS,AF19B092943,2019-01-01,Defibrillator
ZOLL Medical,R Series ALS,AF19B092936,2019-01-01,Defibrillator
ZOLL Medical,R Series ALS,AF19B092428,2019-01-01,Defibrillator
ZOLL Medical,R Series ALS,AF19B092467,2019-01-01,Defibrillator
ZOLL Medical,R Series ALS,AF19B092223,2019-01-01,Defibrillator
ZOLL Medical,R Series ALS,AF19B092456,2019-01-01,Defibrillator
ZOLL Medical,R Series ALS,AF19B092482,2019-01-01,Defibrillator
ZOLL Medical,R Series ALS,AF19B092446,2019-01-01,Defibrillator
ZOLL Medical,R Series ALS,AF19F099133,2019-01-01,Defibrillator
ZOLL Medical,R Series ALS,AF19F099132,2019-01-01,Defibrillator
ZOLL Medical,R Series ALS,AF19F099189,2019-01-01,Defibrillator
ZOLL Medical,R Series ALS,AF19F099267,2019-01-01,Defibrillator
ZOLL Medical,R Series ALS,AF19F099254,2019-01-01,Defibrillator
ZOLL Medical,R Series ALS,AF19D096889,2019-01-01,Defibrillator
ZOLL Medical,R Series ALS,AF19E096912,2019-01-01,Defibrillator
ZOLL Medical,R Series ALS,AF19F099305,2019-01-01,Defibrillator
ZOLL Medical,R Series ALS,AF19F099263,2019-01-01,Defibrillator
ZOLL Medical,R Series ALS,AF19F099134,2019-01-01,Defibrillator
ZOLL Medical,R Series ALS,AF19F099298,2019-01-01,Defibrillator
HILL ROM,P3200,H195AD1457,2019-01-01,Hospital Bed
HILL ROM,CENTURYP1400,G192AG4641,2019-01-01,Hospital Bed
Edan Instruments,IM3,262096-M20706520060,2020-01-01,Patient Monitor
Edan Instruments,IM3,261436-M20903720061,2020-01-01,Patient Monitor
Edan Instruments,IM3,261436-M20903720005,2020-01-01,Patient Monitor
Edan Instruments,iT20,M2012320037,2020-01-01,Patient Monitor
Edan Instruments,iT20,M20403290003,2020-01-01,Patient Monitor
Edan Instruments,iT20,M20403290001,2020-01-01,Patient Monitor
LINET,ELEGANZA 3,20200275616,2020-01-01,Hospital Bed
Welch Allyn,FILAC3000,A2053244X,2020-01-01,Thermometer
Welch Allyn,FILAC3000,A202057084X,2020-01-01,Thermometer
Welch Allyn,FILAC3000,A2060906X,2020-01-01,Thermometer
Welch Allyn,FILAC3000,A2066575X,2020-01-01,Thermometer
Welch Allyn,FILAC3000,A2057370X,2020-01-01,Thermometer
Welch Allyn,FILAC3000,A2055074X,2020-01-01,Thermometer
Welch Allyn,FILAC3000,A2057912X,2020-01-01,Thermometer
Welch Allyn,FILAC3000,A2057043X,2020-01-01,Thermometer
Welch Allyn,FILAC3000,A2062842X,2020-01-01,Thermometer
Welch Allyn,FILAC3000,A2060107X,2020-01-01,Thermometer
Welch Allyn,FILAC3000,A2066567X,2020-01-01,Thermometer
Welch Allyn,FILAC3000,A2057032X,2020-01-01,Thermometer
Welch Allyn,FILAC3000,A206611345X,2020-01-01,Thermometer
Welch Allyn,FILAC3000,A2066565X,2020-01-01,Thermometer
Welch Allyn,FILAC3000,A2055919X,2020-01-01,Thermometer
Welch Allyn,SPOT VITAL SIGNS,201507871,2020-01-01,Vital Signs Monitor
Welch Allyn,SPOT VITAL SIGNS,200810466,2020-01-01,Vital Signs Monitor
Welch Allyn,SPOT VITAL SIGNS,201507902,2020-01-01,Vital Signs Monitor
ZOLL Medical,X Series,AR20A045649,2020-01-01,Defibrillator
ZOLL Medical,X Series,AR20C047049,2020-01-01,Defibrillator
ZOLL Medical,X Series,AR20B046467,2020-01-01,Defibrillator
ZOLL Medical,X Series,AR20A045327,2020-01-01,Defibrillator
ZOLL Medical,X Series,AR20C047039,2020-01-01,Defibrillator
Edan Instruments,F9EXPRESS,560039-M21C11330002,2021-01-01,Fetal Monitor
Edan Instruments,IM3,261436-M21508650086,2021-01-01,Patient Monitor
Edan Instruments,IM3,261436-M21508650088,2021-01-01,Patient Monitor
Edan Instruments,IM3,261436-M21508650067,2021-01-01,Patient Monitor
Edan Instruments,iT20,M21203860030,2021-01-01,Patient Monitor
Edan Instruments,iT20,M21203860028,2021-01-01,Patient Monitor
LINET,ELEGANZA 3,20210147025,2021-01-01,Hospital Bed
LINET,ELEGANZA 3,20210147077,2021-01-01,Hospital Bed
LINET,ELEGANZA 3,20210149187,2021-01-01,Hospital Bed
LINET,ELEGANZA 3,20210101683,2021-01-01,Hospital Bed
LINET,ELEGANZA 3,20210101685,2021-01-01,Hospital Bed
LINET,ELEGANZA 3,20210147060,2021-01-01,Hospital Bed
LINET,ELEGANZA 3,20210147032,2021-01-01,Hospital Bed
Stryker,1061,2021005801196,2021-01-01,Stretcher
Stryker,1061,2021005801198,2021-01-01,Stretcher
Stryker,1061,2021005801199,2021-01-01,Stretcher
Stryker,1061,2021005801197,2021-01-01,Stretcher
ZOLL Medical,X Series,AR21A054264,2021-01-01,Defibrillator
ARJO INC.,FLOWTRON,2100053978,2021-01-01,Compression Therapy Device
ARJO INC.,FLOWTRON,2100054510,2021-01-01,Compression Therapy Device
ARJO INC.,FLOWTRON,2100067774,2021-01-01,Compression Therapy Device
ARJO INC.,FLOWTRON,2100054523,2021-01-01,Compression Therapy Device
ARJO INC.,FLOWTRON,2100054001,2021-01-01,Compression Therapy Device
ARJO INC.,FLOWTRON,2100054283,2021-01-01,Compression Therapy Device
ARJO INC.,FLOWTRON,2100054494,2021-01-01,Compression Therapy Device
ARJO INC.,FLOWTRON,2100054522,2021-01-01,Compression Therapy Device
ARJO INC.,FLOWTRON,2100054527,2021-01-01,Compression Therapy Device
ARJO INC.,FLOWTRON,2100064600,2021-01-01,Compression Therapy Device
ARJO INC.,FLOWTRON,2100064601,2021-01-01,Compression Therapy Device
ARJO INC.,FLOWTRON,2100053935,2021-01-01,Compression Therapy Device
ARJO INC.,FLOWTRON,2100053984,2021-01-01,Compression Therapy Device
ARJO INC.,FLOWTRON,2100053991,2021-01-01,Compression Therapy Device
ARJO INC.,FLOWTRON,2100064603,2021-01-01,Compression Therapy Device
ARJO INC.,FLOWTRON,2100053980,2021-01-01,Compression Therapy Device
ARJO INC.,FLOWTRON,2100053932,2021-01-01,Compression Therapy Device
ARJO INC.,FLOWTRON,2100053928,2021-01-01,Compression Therapy Device
ARJO INC.,FLOWTRON,2100054542,2021-01-01,Compression Therapy Device
ARJO INC.,FLOWTRON,2100054511,2021-01-01,Compression Therapy Device
HILL ROM,P1440,P216ME5983,2021-01-01,Hospital Bed
HILL ROM,P1440,P216ME5974,2021-01-01,Hospital Bed
HILL ROM,P1440,P216ME5972,2021-01-01,Hospital Bed
HILL ROM,P1440,P216ME5982,2021-01-01,Hospital Bed
HILL ROM,P1440,P216ME5981,2021-01-01,Hospital Bed
HILL ROM,P1440,P217ME5992,2021-01-01,Hospital Bed
HILL ROM,P1440,P216ME5980,2021-01-01,Hospital Bed
HILL ROM,P1440,P2164E5977,2021-01-01,Hospital Bed
Jiangmen Dacheng Medical Equipment Co.,IOB-507,WU202108144EN,2021-08-14,Infant Incubator
Jiangmen Dacheng Medical Equipment Co.,IOB-507,WU202108189EN,2021-08-18,Infant Incubator
Jiangmen Dacheng Medical Equipment Co.,IOB-507,WU202108193EN,2021-08-19,Infant Incubator
Jiangmen Dacheng Medical Equipment Co.,IOB-507,WU202108205EN,2021-08-20,Infant Incubator
Jiangmen Dacheng Medical Equipment Co.,IOB-507,WU202108208EN,2021-08-20,Infant Incubator
American Diagnostic,CE 1434,22192114,2022-01-01,Diagnostic Device
American Diagnostic,CE 1434,22192189,2022-01-01,Diagnostic Device
Edan Instruments,iT20,M22411170006,2022-01-01,Patient Monitor
Edan Instruments,iT20,M22411170008,2022-01-01,Patient Monitor
Stryker,1061,2022005800690,2022-01-01,Stretcher
Stryker,1061,2022005800345,2022-01-01,Stretcher
Stryker,1061,2022005800343,2022-01-01,Stretcher
Stryker,1061,2022005800691,2022-01-01,Stretcher
Stryker,1061,2022005800344,2022-01-01,Stretcher
ZOLL Medical,AEDPLUS,X22F478419,2022-01-01,AED
ZOLL Medical,AEDPLUS,X22E470885,2022-01-01,AED
ZOLL Medical,X Series,AR22L073058,2022-01-01,Defibrillator
ZOLL Medical,X Series,AR22E067679,2022-01-01,Defibrillator
Edan Instruments,F9EXPRESS,560039-M23909480002,2023-01-01,Fetal Monitor
Edan Instruments,SE1200EXPRESS,M23116470007,2023-01-01,ECG Machine
Edan Instruments,SE1200EXPRESS,460016-M23116470013,2023-01-01,ECG Machine
Edan Instruments,SE1200EXPRESS,460016-M23801490029,2023-01-01,ECG Machine
Edan Instruments,SE1200EXPRESS,460016-M23801490022,2023-01-01,ECG Machine
Edan Instruments,SE1200EXPRESS,460016-M23801490034,2023-01-01,ECG Machine
Edan Instruments,SE1200EXPRESS,460016-M23801490035,2023-01-01,ECG Machine
Edan Instruments,iT20,M23910480001,2023-01-01,Patient Monitor
Welch Allyn,SURETEMPPLUS,(21) 23038261,2023-01-01,Thermometer
ZOLL Medical,AEDPLUS,X23L761535,2023-01-01,AED
ZOLL Medical,RSERIES,AF23L173769,2023-01-01,Defibrillator
ZOLL Medical,RSERIES,AF23L173935,2023-01-01,Defibrillator
ZOLL Medical,RSERIES,AF23G169205,2023-01-01,Defibrillator
ZOLL Medical,RSERIES,AF23G169292,2023-01-01,Defibrillator
ZOLL Medical,RSERIES,AF23G169321,2023-01-01,Defibrillator
ZOLL Medical,RSERIES,AF23G169315,2023-01-01,Defibrillator
ZOLL Medical,RSERIES,AF23G169217,2023-01-01,Defibrillator
HILL ROM,CENTURYP1400,L230HE3537,2023-01-01,Hospital Bed
American Diagnostic,CE 1434,C241870143,2024-01-01,Diagnostic Device
American Diagnostic,CE 1434,C241870093,2024-01-01,Diagnostic Device
American Diagnostic,CE 1434,C241843867,2024-01-01,Diagnostic Device
American Diagnostic,CE 1434,C241843922,2024-01-01,Diagnostic Device
American Diagnostic,CE 1434,C241843881,2024-01-01,Diagnostic Device
American Diagnostic,CE 1434,C241843806,2024-01-01,Diagnostic Device
Edan Instruments,IM3,262654-M24705640065,2024-01-01,Patient Monitor
Edan Instruments,IM3,262654-M24903790011,2024-01-01,Patient Monitor
Edan Instruments,IM3,262654-M24903790001,2024-01-01,Patient Monitor
Edan Instruments,SE1200EXPRESS,460016-K24700210010,2024-01-01,ECG Machine
Edan Instruments,SE1200EXPRESS,460016-M246096330015,2024-01-01,ECG Machine
Edan Instruments,SE1200EXPRESS,M24A2930014,2024-01-01,ECG Machine
Edan Instruments,SE1200EXPRESS,M24A02930002,2024-01-01,ECG Machine
Edan Instruments,SE1200EXPRESS,M24A02930001,2024-01-01,ECG Machine
Edan Instruments,iT20,M24402010037,2024-01-01,Patient Monitor
Edan Instruments,iT20,M24402010035,2024-01-01,Patient Monitor
Edan Instruments,iT20,M24402010034,2024-01-01,Patient Monitor
Edan Instruments,iT20,M24408380006,2024-01-01,Patient Monitor
Edan Instruments,iT20,M24408380010,2024-01-01,Patient Monitor
Edan Instruments,iT20,M24408380009,2024-01-01,Patient Monitor
Edan Instruments,iT20,M24408380008,2024-01-01,Patient Monitor
Edan Instruments,iT20,M24408380007,2024-01-01,Patient Monitor
Edan Instruments,iT20,M24408380001,2024-01-01,Patient Monitor
Edan Instruments,iT20,M24408380003,2024-01-01,Patient Monitor
Edan Instruments,iT20,M24408380004,2024-01-01,Patient Monitor
Edan Instruments,iT20,M24A15750012,2024-01-01,Patient Monitor
Edan Instruments,iT20,M24A15750016,2024-01-01,Patient Monitor
Edan Instruments,iT20,M2415750004,2024-01-01,Patient Monitor
Edan Instruments,iT20,M24A15750002,2024-01-01,Patient Monitor
Edan Instruments,iT20,M24A15750003,2024-01-01,Patient Monitor
Edan Instruments,iT20,M24A15750001,2024-01-01,Patient Monitor
Edan Instruments,iT20,M24A15750018,2024-01-01,Patient Monitor
Edan Instruments,iT20,M24A15750019,2024-01-01,Patient Monitor
Edan Instruments,iT20,M24A15750011,2024-01-01,Patient Monitor
Edan Instruments,iT20,M24A15750010,2024-01-01,Patient Monitor
Edan Instruments,iT20,M24A15750009,2024-01-01,Patient Monitor
Edan Instruments,iT20,M24408380002,2024-01-01,Patient Monitor
Edan Instruments,iT20,M24408380005,2024-01-01,Patient Monitor
Welch Allyn,SURETEMPPLUS,24519376,2024-01-01,Thermometer
ZOLL Medical,RSERIES,AF24I180367,2024-01-01,Defibrillator
ZOLL Medical,RSERIES,AF24A174904,2024-01-01,Defibrillator
ZOLL Medical,RSERIES,AF24A174867,2024-01-01,Defibrillator
ZOLL Medical,RSERIES,AF24C175990,2024-01-01,Defibrillator
ZOLL Medical,RSERIES,AF24C175991,2024-01-01,Defibrillator
ZOLL Medical,RSERIES,AF24F178630,2024-01-01,Defibrillator
ZOLL Medical,RSERIES,AF24G179402,2024-01-01,Defibrillator
ZOLL Medical,RSERIES,AF24G179173,2024-01-01,Defibrillator
ZOLL Medical,RSERIES,AF24G178993,2024-01-01,Defibrillator
ZOLL Medical,RSERIES,AF24G179155,2024-01-01,Defibrillator
ZOLL Medical,RSERIES,AF24G179510,2024-01-01,Defibrillator
ZOLL Medical,RSERIES,AF24H179829,2024-01-01,Defibrillator
ZOLL Medical,RSERIES,AF24G179180,2024-01-01,Defibrillator
ZOLL Medical,RSERIES,AF24F178395,2024-01-01,Defibrillator
ZOLL Medical,RSERIES,AF24G179153,2024-01-01,Defibrillator
ZOLL Medical,RSERIES,AF24G179186,2024-01-01,Defibrillator
ZOLL Medical,RSERIES,AF24E178300,2024-01-01,Defibrillator
ZOLL Medical,RSERIES,AF24G179403,2024-01-01,Defibrillator
ZOLL Medical,RSERIES,AF24G179158,2024-01-01,Defibrillator
LINET,ELEGANZA 4,20240211343,2024-02-11,Hospital Bed
LINET,ELEGANZA 4,20240211435,2024-02-11,Hospital Bed
LINET,ELEGANZA 4,20240217185,2024-02-17,Hospital Bed
LINET,ELEGANZA 4,20240217163,2024-02-17,Hospital Bed
LINET,ELEGANZA 4,20240217171,2024-02-17,Hospital Bed
LINET,ELEGANZA 4,20240217177,2024-02-17,Hospital Bed
LINET,ELEGANZA 4,20240219124,2024-02-19,Hospital Bed
LINET,ELEGANZA 4,20240315321,2024-03-15,Hospital Bed
Jiangmen Dacheng Medical Equipment Co.,IOB-507,WU202406189EN,2024-06-18,Infant Incubator
Jiangmen Dacheng Medical Equipment Co.,IOB-507,WU202406183EN,2024-06-18,Infant Incubator
Jiangmen Dacheng Medical Equipment Co.,IOB-507,WU202406187EN,2024-06-18,Infant Incubator
Jiangmen Dacheng Medical Equipment Co.,IOB-507,WU202406188EN,2024-06-18,Infant Incubator
Jiangmen Dacheng Medical Equipment Co.,IOB-507,WU202406190EN,2024-06-19,Infant Incubator
Jiangmen Dacheng Medical Equipment Co.,IOB-507,WU202406209EN,2024-06-20,Infant Incubator
Jiangmen Dacheng Medical Equipment Co.,IOB-507,WU202406237EN,2024-06-23,Infant Incubator
Jiangmen Dacheng Medical Equipment Co.,IOB-507,WU202406249EN,2024-06-24,Infant Incubator
Jiangmen Dacheng Medical Equipment Co.,IOB-507,WU202406252EN,2024-06-25,Infant Incubator
Jiangmen Dacheng Medical Equipment Co.,IOB-507,WU202406267EN,2024-06-26,Infant Incubator
Jiangmen Dacheng Medical Equipment Co.,IOB-507,WU202406266EN,2024-06-26,Infant Incubator
Jiangmen Dacheng Medical Equipment Co.,IOB-507,WU20240630EN,2024-06-30,Infant Incubator
LAB CORP.,642E,241013LB348,2024-10-13,Laboratory Analyzer
LAB CORP.,642E,241013LB328,2024-10-13,Laboratory Analyzer
Philips,INTELLIVUE MX40,2569230,2025-01-01,Patient Monitor
ZOLL Medical,AEDPLUS,X25I944351,2025-01-01,AED
ZOLL Medical,AEDPLUS,X25I944935,2025-01-01,AED
ZOLL Medical,RSERIES,AF25G186555,2025-01-01,Defibrillator
ZOLL Medical,RSERIES,AF25J188748,2025-01-01,Defibrillator
ZOLL Medical,RSERIES,AF25L189983,2025-01-01,Defibrillator
ZOLL Medical,X Series,AR25C090387,2025-01-01,Defibrillator
Mindray,EPM12MA,AH9-26000857,2026-01-01,Vital Signs Monitor
Mindray,EPM12MA,AH9-26000861,2026-01-01,Vital Signs Monitor
Mindray,EPM12MA,AH9-26000860,2026-01-01,Vital Signs Monitor
Mindray,EPM12MA,AH9-26000859,2026-01-01,Vital Signs Monitor
Mindray,EPM12MA,AH9-27000897,2027-01-01,Vital Signs Monitor
HILL ROM,P3200,I288AD1837,2028-01-01,Hospital Bed
HILL ROM,P3200,I288AD1864,2028-01-01,Hospital Bed
Mindray,BENEVISION N15,FS-28042236,2028-04-22,Patient Monitor
Mindray,BENEVISION N15,FS-28042613,2028-04-26,Patient Monitor
Mindray,BENEVISION N15,FS-28042614,2028-04-26,Patient Monitor
Mindray,BENEVISION N15,FS-28042615,2028-04-26,Patient Monitor
Mindray,BENEVISION N15,F5-28042623,2028-04-26,Patient Monitor
Mindray,BENEVISION N15,FS-28042602,2028-04-26,Patient Monitor
Hillrom,P3200,J309AD1600,2030-01-01,Hospital Bed
HILL ROM,P3200,J303AD1205,2030-01-01,Hospital Bed
HILL ROM,P3200,J304AD1213,2030-01-01,Hospital Bed
HILL ROM,P3200,J304AD1237,2030-01-01,Hospital Bed
HILL ROM,P3200,J304AD1225,2030-01-01,Hospital Bed
HILL ROM,P3200,J303AD1201,2030-01-01,Hospital Bed
HILL ROM,P3200,J304AD1247,2030-01-01,Hospital Bed
HILL ROM,P3200,J304AD1215,2030-01-01,Hospital Bed
HILL ROM,P3200,J312AD1963,2031-01-01,Hospital Bed
Edan Instruments,IM70,260066-M20320530023,2032-05-30,Patient Monitor
Edan Instruments,IM70,260066-M20320530024,2032-05-30,Patient Monitor
Edan Instruments,IM70,260066-M20320530007,2032-05-30,Patient Monitor
Edan Instruments,IM70,260066-M20320530030,2032-05-30,Patient Monitor
HILL ROM,CENTURYP1400,B334AG6731,2033-01-01,Hospital Bed
HILL ROM,CENTURYP1400,B333AG6698,2033-01-01,Hospital Bed
HILL ROM,CENTURYP1400,B333AG6701,2033-01-01,Hospital Bed
HILL ROM,CENTURYP1400,B333AG6703,2033-01-01,Hospital Bed
HILL ROM,CENTURYP1400,B334AG6725,2033-01-01,Hospital Bed
HILL ROM,CENTURYP1400,B334AG6738,2033-01-01,Hospital Bed
HILL ROM,CENTURYP1400,B334AG6737,2033-01-01,Hospital Bed
HILL ROM,CENTURYP1400,B332AG6683,2033-01-01,Hospital Bed
HILL ROM,CENTURYP1400,B334AG6727,2033-01-01,Hospital Bed
HILL ROM,CENTURYP1400,B334AG6740,2033-01-01,Hospital Bed
HILL ROM,CENTURYP1400,B333AG6695,2033-01-01,Hospital Bed
HILL ROM,CENTURYP1400,B334AG6735,2033-01-01,Hospital Bed
HILL ROM,CENTURYP1400,B333AG6797,2033-01-01,Hospital Bed
HILL ROM,CENTURYP1400,B332AG6681,2033-01-01,Hospital Bed
HILL ROM,CENTURYP1400,B333AG6699,2033-01-01,Hospital Bed
HILL ROM,CENTURYP1400,B333AG6700,2033-01-01,Hospital Bed
HILL ROM,CENTURYP1400,B333AG6706,2033-01-01,Hospital Bed
HILL ROM,CENTURYP1400,B333AG6708,2033-01-01,Hospital Bed
HILL ROM,CENTURYP1400,B332AG6677,2033-01-01,Hospital Bed
Mindray,EPM12MA,AH9-34001722,2034-01-01,Vital Signs Monitor
Philips,INTELLIVUE MX40,3569208,2035-01-01,Patient Monitor
Philips,INTELLIVUE MX40,3569221,2035-01-01,Patient Monitor
Philips,INTELLIVUE MX40,3569227,2035-01-01,Patient Monitor
Philips,INTELLIVUE MX40,3569212,2035-01-01,Patient Monitor
PHILIPS,MX500,DE351B7530,2035-01-01,Patient Monitor